 ID;Name;City;State;PostalCode;Country;Email
     
10;Philip;Glen Falls;NY;12801;USA;philip.sales@gmail.com
11;John;American Fork;UT;32509;USA;john.supplier@gmail.com
12;Mary;Provo;UT;22765;USA;mary.products@gmail.com
13;William;Denver;CO;33589;USA;william.colorado@gmail.com
14;Sandy;Mesa;AZ;42109;USA;sandy.mesa@gmail.com
15;Rebecca;Phoenix;AZ;44321;USA;rebecca.phoeniz@gmail.com